
  <rss version="2.0" xmlns:atom="http://www.w3.org/2005/Atom">
    <channel>
      <title>TheFlash2k Portfolio</title>
      <link>https://theflashk2k.me/blog</link>
      <description>A blog/portfolio for Ali Taqi Wajid</description>
      <language>en-us</language>
      <managingEditor>root@theflash2k.me (Ali Taqi Wajid)</managingEditor>
      <webMaster>root@theflash2k.me (Ali Taqi Wajid)</webMaster>
      <lastBuildDate>Tue, 08 Mar 2016 00:00:00 GMT</lastBuildDate>
      <atom:link href="https://theflashk2k.me/tags/features/feed.xml" rel="self" type="application/rss+xml"/>
      
  <item>
    <guid>https://theflashk2k.me/blog/code-sample</guid>
    <title>Sample .md file</title>
    <link>https://theflashk2k.me/blog/code-sample</link>
    <description>Example of a markdown file with code blocks and syntax highlighting</description>
    <pubDate>Tue, 08 Mar 2016 00:00:00 GMT</pubDate>
    <author>root@theflash2k.me (Ali Taqi Wajid)</author>
    <category>markdown</category><category>code</category><category>features</category>
  </item>

    </channel>
  </rss>
